Fecha,Active_energy,Reactive_energy,Cliente_ID,Reactive_to_Active_ratio,Anomal√≠a
2021-01-31,1179.0284925508563,415.7136583404266,1,35.25900018251639,1
2021-02-28,1490.1289448959312,231.73778122346258,1,15.551525390955135,0
2021-03-31,1728.2403441124652,978.8456928547328,1,56.638285073562336,1
2021-04-30,2228.4475782833674,1304.5001990405087,1,58.538518552247034,1
2021-05-31,2190.919623788104,1269.9362380388131,1,57.96361601997479,1
2021-06-30,911.738184768435,476.0473249155996,1,52.213160846883575,1
2021-07-31,919.6332085160725,478.7329505308226,1,52.05694467072475,1
2021-08-31,952.3815392815312,498.4680757868639,1,52.33911570387054,1
2021-09-30,3854.354275309405,1648.5677480217848,1,42.77156769377272,1
2021-10-31,4117.31679536678,1759.419002138016,1,42.73217460745046,1
2021-11-30,3923.644271459919,1679.2496846138465,1,42.79821432407856,1
2021-12-31,948.2790818113542,494.58677653748947,1,52.156246618111105,1
2022-01-31,928.4096001970329,486.0437817872973,1,52.35230028687188,1
2022-02-28,848.4774184054904,438.81143497256795,1,51.71751486294222,1
2022-03-31,937.6228946652772,484.4077098206086,1,51.66338328305622,1
2022-04-30,914.2525684183792,478.3764671805644,1,52.32432302685645,1
2022-05-31,917.4855337875258,474.91629537660424,1,51.762810190159016,1
2022-06-30,913.1003722285442,475.6266203535466,1,52.08919356726533,1
2022-07-31,953.968356934843,494.5927408941007,1,51.84582248443298,1
2022-08-31,912.6525375697519,481.3035204274213,1,52.736775565107806,1
2022-09-30,950.7182962070361,489.17248713523526,1,51.45293711994674,1
2022-10-31,920.6003126255775,486.17558325177407,1,52.81071237801211,1
2022-11-30,911.7094796344653,479.7656862120546,1,52.62264975070882,1
2022-12-31,915.2744211840389,477.945812631326,1,52.21885388351992,1
2023-01-31,946.2433854943572,491.541213295259,1,51.94659437840692,1
2023-02-28,840.2769321387053,438.5689293997071,1,52.19337966156521,1
2023-03-31,941.0479779360465,498.8308360189324,1,53.00801316347261,1
2023-04-30,0.6937893977618029,0.4955565334631704,1,71.4275160534103,1
2021-01-31,1714.0398129994662,1277.698019118758,2,74.54307708774067,1
2021-02-28,1549.2565271947603,1142.9749319795212,2,73.77570543782743,1
2021-03-31,1730.649700236646,1273.8660266357178,2,73.60623160547924,1
2021-04-30,1637.6237196774216,1207.747523670419,2,73.75000185685639,1
2021-05-31,1737.490011656363,1276.9004469098786,2,73.49109568075153,1
2021-06-30,1662.0858050882246,1226.6974768161074,2,73.80470208341582,1
2021-07-31,1691.5567528469242,1258.5601677889179,2,74.40247958992423,1
2021-08-31,1729.5355127394773,1276.0455159809358,2,73.77966549873027,1
2021-09-30,1642.369440717718,1213.5809047953742,2,73.8920777937172,1
2021-10-31,1719.5646368554721,1264.478670747508,2,73.53481478078258,1
2021-11-30,1652.5899470778845,1227.6707412200835,2,74.28768058227966,1
2021-12-31,2568.48746983046,1565.3125038955582,2,60.94296827536717,1
2022-01-31,4241.379162085016,2126.2223778512976,2,50.13044805940127,1
2022-02-28,4281.439412800615,2147.564503401419,2,50.159871397003705,1
2022-03-31,4273.330529366793,2343.359945667666,2,54.83685218271419,1
2022-04-30,2330.613633545971,1567.517603700425,2,67.25772050494211,1
2022-05-31,1673.8803447324522,1255.005968700908,2,74.97584714763494,1
2022-06-30,1650.6898658477135,1226.3427442362834,2,74.29274084786931,1
2022-07-31,1731.291167532433,1284.169288652822,2,74.17407959650814,1
2022-08-31,1694.482110226592,1253.5865594076777,2,73.980513092584,1
2022-09-30,1710.893932407959,1235.2218394415954,2,72.19745280779097,1
2022-10-31,1684.9787914375604,1264.4290040290496,2,75.04124149540698,1
2022-11-30,1664.8593880896135,1233.5218631843416,2,74.09165434684418,1
2022-12-31,1685.3190684266558,1256.7060882387182,2,74.56784366724854,1
2023-01-31,1515.7508562008206,1166.5952812892463,2,76.96484395946698,1
2023-02-28,1115.784899382445,936.4783153422709,2,83.93000441757053,1
2023-03-31,1733.6916726292418,1265.2945635017861,2,72.98267526329495,1
2023-04-30,1.8859629595773244,1.410650082962704,2,74.79733765709025,1
2021-01-31,1390.4147498199247,940.9475754060776,3,67.67387756264391,1
2021-02-28,1246.499485666148,844.7766801391357,3,67.77192368335992,1
2021-03-31,1387.5236136681292,938.6497264747784,3,67.64927942331124,1
2021-04-30,1300.9000797556891,897.9567096910021,3,69.02580172488264,1
2021-05-31,1392.7055007353079,939.731907018436,3,67.47527790493288,1
2021-06-30,1330.1045353793688,901.5206066469917,3,67.77817702800799,1
2021-07-31,1374.0617736227832,910.1661321137525,3,66.23909853150587,1
2021-08-31,1395.0662011862435,942.630888482499,3,67.56890014832037,1
2021-09-30,1321.5815911413238,900.7776263233075,3,68.15906277457997,1
2021-10-31,1376.7751471953102,926.7694943906084,3,67.31451365014627,1
2021-11-30,1333.3258684650768,905.3998962164724,3,67.90537239472955,1
2021-12-31,2314.161758920186,1202.2003257808203,3,51.9497101335639,1
2022-01-31,4062.283206354696,1685.5562123792038,3,41.49282870634082,1
2022-02-28,4179.734016624923,1673.3258777222154,3,40.03426703868115,1
2022-03-31,4168.951413451821,1760.2862579982718,3,42.22371727140818,1
2022-04-30,2085.1573574968684,1144.977844651116,3,54.91086034991657,1
2022-05-31,1359.035339854563,921.3899443088176,3,67.79734987667207,1
2022-06-30,1347.594900233242,900.517722782954,3,66.8240672792018,1
2022-07-31,1395.172140355554,930.5505487440628,3,66.69790213176961,1
2022-08-31,1358.5639607258472,926.4558662290432,3,68.19376142835857,1
2022-09-30,1362.7182027054648,915.6913250549778,3,67.1959414086504,1
2022-10-31,1366.7510813143472,929.6158238050996,3,68.01646887384403,1
2022-11-30,1347.2359340429937,900.7924720139603,3,66.86226586242567,1
2022-12-31,1367.989841050287,928.4495052758767,3,67.86961989155205,1
2023-01-31,1225.0735280689034,809.323373678648,3,66.06324886918364,1
2023-02-28,910.6700307466695,587.6904599260487,3,64.53385310639838,1
2023-03-31,1385.3091106283518,946.9550363696981,3,68.35694857591574,1
2023-04-30,1.7801643249126096,1.2030233072019676,3,67.57934030955404,1
2021-01-31,579.4055060882123,137.77125274316498,4,23.778036503883314,0
2021-02-28,522.919406037412,123.19372275245193,4,23.558835516545752,0
2021-03-31,574.7251295253941,136.99395868540807,4,23.836430955879237,0
2021-04-30,549.8455438635999,130.05961434205437,4,23.653845301384898,0
2021-05-31,580.6148586629707,136.7878936993518,4,23.559144527293782,0
2021-06-30,550.3165240117474,131.8727919184797,4,23.963080548107374,0
2021-07-31,561.2601886871327,133.0270583593671,4,23.701495499001325,0
2021-08-31,591.6506280827336,138.92844298430012,4,23.481500126941977,0
2021-09-30,540.2255023140563,129.6731335849208,4,24.00351946168144,0
2021-10-31,579.691046122976,135.74873992130114,4,23.41742913388097,0
2021-11-30,560.2713651257707,133.73160938099838,4,23.869078040598787,0
2021-12-31,1446.1888157543656,543.2949084035258,4,37.56735652253891,1
2022-01-31,3144.9015645020413,1320.7675947354478,4,41.99710444497095,1
2022-02-28,3422.3990162586265,1491.48561584921,4,43.58012051673931,1
2022-03-31,3504.45285557374,1559.094715049037,4,44.488962451566096,1
2022-04-30,1405.2270808306032,552.835748110178,4,39.34138159246171,1
2022-05-31,562.8049839763853,132.14816899967053,4,23.48027696307951,0
2022-06-30,558.8411067183806,133.7211097682182,4,23.92828805193905,0
2022-07-31,577.5188027799863,138.92193085073632,4,24.054962398109232,0
2022-08-31,561.2994659385738,135.42308469437248,4,24.126708274686404,0
2022-09-30,576.5938570433543,134.3235788374354,4,23.296047503214307,0
2022-10-31,573.6962501097427,136.31167348885785,4,23.760251781806613,0
2022-11-30,561.4618897305925,134.0361936171852,4,23.872714438641612,0
2022-12-31,563.3139171950183,133.11852559297205,4,23.63132199108914,0
2023-01-31,468.50110649149747,123.63726387924059,4,26.389961980054448,0
2023-02-28,303.6537935326033,97.13612236468522,4,31.98910220571828,1
2023-03-31,577.547870674428,137.5594132020664,4,23.817837479243448,0
2023-04-30,0.2887309904927503,0.0125471164746036,4,4.345607810644297,0
2021-01-31,3209.899805753697,2737.8076991560583,5,85.29262172758723,1
2021-02-28,2843.729520466624,2499.088715857569,5,87.88067563639092,1
2021-03-31,3125.4128766923727,2786.1750091183094,5,89.14582229746621,1
2021-04-30,2175.711038647711,2515.840895669762,5,115.63304367998495,1
2021-05-31,1924.9836476943842,2584.6159966288124,5,134.2669066162973,1
2021-06-30,1800.625982623901,2508.121557759669,5,139.29164534795802,1
2021-07-31,3078.306197777367,2708.1042764098274,5,87.97384348461382,1
2021-08-31,5130.266600752307,2985.1214019181393,5,58.18647712148913,1
2021-09-30,5315.191597394394,2964.196789976638,5,55.76839020120633,1
2021-10-31,5476.520078624358,2885.031522823254,5,52.68001361090495,1
2021-11-30,5195.418849659334,2885.2867358012627,5,55.535209369894254,1
2021-12-31,5975.622323171813,3382.717276957515,5,56.60861905278504,1
2022-01-31,5844.878510729018,3381.512666353283,5,57.85428491192908,1
2022-02-28,5319.7137036682225,3061.9194495408974,5,57.55797435921303,1
2022-03-31,4706.372744067125,3107.0932292343336,5,66.01885142121711,1
2022-04-30,3111.6650784528874,2711.9413654331775,5,87.15402516203795,1
2022-05-31,3180.785693810498,2728.818705524713,5,85.79071236502136,1
2022-06-30,3078.896229300504,2623.497240266274,5,85.20901793635012,1
2022-07-31,3196.8192981601433,2714.6395269332756,5,84.91689000049595,1
2022-08-31,3109.7813220199164,2781.099837871615,5,89.43072035898618,1
2022-09-30,3063.245166148078,2621.3626059588178,5,85.57469166776121,1
2022-10-31,3130.6144546574737,2748.362823840622,5,87.78988481803727,1
2022-11-30,3082.4548271774534,2678.718703484641,5,86.90212358886356,1
2022-12-31,3040.3552647873994,2750.181744619439,5,90.45593376771872,1
2023-01-31,3146.8260546750334,2731.700737883237,5,86.80812636036643,1
2023-02-28,2951.047210903595,2418.6966561894405,5,81.96062222430012,1
2023-03-31,3162.328752408945,2748.7483979196973,5,86.92165214719698,1
2023-04-30,5.8123547443292845,0.983711052681477,5,16.9244840680314,0
2021-01-31,445.305052403404,278.97622228760775,6,62.64833978009345,1
2021-02-28,406.3068666491691,249.47106144092004,6,61.399666586567704,1
2021-03-31,442.50055251069386,272.35009802650507,6,61.54796790223741,1
2021-04-30,431.75957568521534,265.31455601704033,6,61.449605511580884,1
2021-05-31,452.8539602669252,280.84863862086,6,62.01748538432119,1
2021-06-30,2255.68856763061,871.2332523311311,6,38.623827102439066,1
2021-07-31,1503.6800710419957,242.47236709388127,6,16.125263063828246,0
2021-08-31,2923.4955954902193,995.7138444692416,6,34.059016405060724,1
2021-09-30,1121.7889745243926,181.4340270679303,6,16.17363258048184,0
2021-10-31,2290.6741803353348,428.3825738147369,6,18.701156955985134,0
2021-11-30,2231.3057381484764,600.2337850320113,6,26.900562068651407,0
2021-12-31,2142.8406655575886,642.7889681676364,6,29.997049173993357,0
2022-01-31,2615.746104321402,1184.5172117396226,6,45.28410497420657,1
2022-02-28,1299.224281362166,400.10505016585887,6,30.79568754259815,1
2022-03-31,1582.731875527412,214.7009807995443,6,13.565214937495318,0
2022-04-30,739.8586794852772,308.46029232728864,6,41.69178532066229,1
2022-05-31,437.9896419279095,273.83339859639267,6,62.5205192960851,1
2022-06-30,435.6181891128279,267.13402485579746,6,61.32297308334111,1
2022-07-31,441.42195623947157,274.30759152991425,6,62.14180958889646,1
2022-08-31,445.9476930135371,277.33194676956214,6,62.1893444263526,1
2022-09-30,437.46371865769373,268.78090352846,6,61.440730297173616,1
2022-10-31,443.89009070376835,272.2005978532934,6,61.321620724114666,1
2022-11-30,432.7763084955068,269.37513483700513,6,62.24350306361603,1
2022-12-31,440.6246071085117,276.13471161369097,6,62.66892660075334,1
2023-01-31,446.32386841714356,273.67112630743026,6,61.31671319259393,1
2023-02-28,403.94784852365046,247.20552378928755,6,61.19738592315193,1
2023-03-31,448.8925890506002,282.56214491508456,6,62.946493617258966,1
2023-04-30,0.7446837294184487,0.3171661066990104,6,42.59071256286172,1
2021-01-31,1228.961853911063,311.1192695006596,7,25.315616470157305,0
2021-02-28,1105.2331648237757,278.8175110501893,7,25.227030813416228,0
2021-03-31,1209.9435653359897,313.6413974398409,7,25.921985654987612,0
2021-04-30,1194.120602571154,297.74785183434733,7,24.934487454051396,0
2021-05-31,1227.184393063865,310.61002520087806,7,25.310786786115308,0
2021-06-30,1194.9912822416914,295.62569782523065,7,24.738732593150356,0
2021-07-31,1225.8806323231877,315.0001605311419,7,25.695826512421494,0
2021-08-31,1219.2686741478885,309.9936407531594,7,25.424555500025864,0
2021-09-30,1173.138765421393,304.75764387186365,7,25.977970625017605,0
2021-10-31,1231.3211324297715,315.66114779059,7,25.635972572621608,0
2021-11-30,1203.83844731495,299.01480570247134,7,24.838449575139933,0
2021-12-31,1486.832562746954,186.91876563000474,7,12.571608284168088,0
2022-01-31,1935.5025608211545,49.32803465701603,7,2.5485905136745552,0
2022-02-28,2497.3916918903847,471.7685010416108,7,18.89044888607396,0
2022-03-31,3046.7717948351246,729.4591739078094,7,23.94203514501433,0
2022-04-30,1753.3426152621048,147.50711801761838,7,8.412908962209178,0
2022-05-31,3411.192452489336,884.692124288981,7,25.93498128911994,0
2022-06-30,2820.0686598786915,436.82219878648357,7,15.489771756311562,0
2022-07-31,3530.247951951251,805.6390884950835,7,22.821034087698795,0
2022-08-31,2800.5152171533628,221.2538932106773,7,7.900471022456183,0
2022-09-30,2617.6338378408223,387.86197687476283,7,14.817273954354674,0
2022-10-31,2627.973901668438,460.76139584674996,7,17.53295173723847,0
2022-11-30,1191.045194961941,305.0808070159156,7,25.614544964909097,0
2022-12-31,1230.9751900451497,307.53874582636917,7,24.983342338125375,0
2023-01-31,1229.4622699906292,306.3716398599653,7,24.919157532365787,0
2023-02-28,1113.8652250432942,281.80029492635816,7,25.299317061936737,0
2023-03-31,1240.3463906552001,320.7974955504931,7,25.863540859826678,0
2023-04-30,2.091201091008216,0.2225685006203717,7,10.643094132715202,0
2021-01-31,914.1885685605547,351.67245665118344,8,38.4682623197655,1
2021-02-28,798.7331233870318,319.7100218731168,8,40.02713954285316,1
2021-03-31,876.9888695456958,345.92135105158957,8,39.44421224305689,1
2021-04-30,875.0061559821937,346.29903930390805,8,39.57675462467891,1
2021-05-31,910.1494197871485,358.6656764885126,8,39.40734001373002,1
2021-06-30,866.5383933444424,328.1762647839232,8,37.87209745171391,1
2021-07-31,875.7240599840275,358.2358135219272,8,40.90738508754243,1
2021-08-31,933.5659583666697,379.4954631702017,8,40.65009652174464,1
2021-09-30,2151.39715963929,934.2072927246498,8,43.423283726993574,1
2021-10-31,1495.4592650278205,442.31729205116005,8,29.577354756161245,0
2021-11-30,1840.9185637681135,939.7473693563786,8,51.04774257003753,1
2021-12-31,1993.2171022301466,1053.943898665355,8,52.87652295809278,1
2022-01-31,2308.0624036182016,1186.0968550774949,8,51.3892888345708,1
2022-02-28,1012.3714241916306,356.58034586487724,8,35.222284760714516,1
2022-03-31,1083.1929905940592,255.8208288826656,8,23.617289910855582,0
2022-04-30,1448.6625599828917,738.6261205442963,8,50.98676123396323,1
2022-05-31,1568.879246586544,361.6310258937828,8,23.050277877063763,0
2022-06-30,1220.423907898521,160.41775653245998,8,13.14442920154583,0
2022-07-31,919.4069726824816,350.4731119233081,8,38.11947508955259,1
2022-08-31,899.6823575964961,346.3609357957357,8,38.49813579995499,1
2022-09-30,866.0889246636696,339.94027766042393,8,39.25004326691209,1
2022-10-31,876.1787609197996,347.9962768146513,8,39.71749742590541,1
2022-11-30,860.1536303095495,344.6578818213117,8,40.06933990353296,1
2022-12-31,888.145608950134,355.3383003793186,8,40.009013927272534,1
2023-01-31,887.9414091371547,345.4321836868972,8,38.902587505471374,1
2023-02-28,809.9633825263572,319.01600881457523,8,39.38647298097998,1
2023-03-31,903.8809849640994,355.7853487762077,8,39.361968521811406,1
2023-04-30,1.5615627755666623,0.5375257953806407,8,34.422298212480285,1
2021-01-31,170.4110245000055,241.91481224702054,9,141.95960206026032,1
2021-02-28,153.57585420264238,215.8142278965757,9,140.5261452179912,1
2021-03-31,174.9647786086808,235.05431179449957,9,134.3437883119394,1
2021-04-30,168.75844331029427,233.50534200557567,9,138.36661290850617,1
2021-05-31,169.8370988505364,240.11581018402535,9,141.38007055533674,1
2021-06-30,167.86592515223103,225.9118542831374,9,134.57874436295918,1
2021-07-31,172.67458418015684,239.19483274411834,9,138.5234740131523,1
2021-08-31,175.07781515866694,239.09682212712605,9,136.5660303165429,1
2021-09-30,169.8634227715943,227.4961585800061,9,133.92886759729743,1
2021-10-31,171.87609167282804,240.34988452778896,9,139.8390446213445,1
2021-11-30,170.15654625412574,232.88918728461636,9,136.86760363412674,1
2021-12-31,172.9525028330807,234.3899455911598,9,135.5227254602805,1
2022-01-31,173.6896469245709,239.22819059110935,9,137.73313195518224,1
2022-02-28,157.99450541813923,211.81493299893825,9,134.06474638998424,1
2022-03-31,65.38477860857522,82.30045277179734,9,125.8709664897506,1
2022-04-30,573.0751436495125,926.1618994945516,9,161.6126453498712,1
2022-05-31,429.3161979595157,747.3354623700717,9,174.07576651476472,1
2022-06-30,1096.6714239521098,1063.8859125191123,9,97.01045265546837,1
2022-07-31,617.7656966923729,666.7617674130603,9,107.93117374160155,1
2022-08-31,593.3351558971679,419.63542574848464,9,70.72485450722434,1
2022-09-30,1366.2130510933114,869.599057576549,9,63.65032575853764,1
2022-10-31,378.6032137668229,654.7029114916486,9,172.92587270399457,1
2022-11-30,620.2052291592867,744.0852174505532,9,119.97403157325695,1
2022-12-31,1145.982087692007,1222.6813328888747,9,106.69288342467367,1
2023-01-31,174.5138274607728,234.6264343160469,9,134.44575580624763,1
2023-02-28,159.0991942252521,215.00708548743768,9,135.1402730443948,1
2023-03-31,171.98794263569786,239.71702345823573,9,139.38013315619486,1
2023-04-30,0.1167142736697178,0.4237738753167662,9,363.0865891484503,1
2021-01-31,1684.017774406871,393.3783957265214,10,23.35951565980789,0
2021-02-28,1511.1101156655789,356.21469059963675,10,23.573046524325562,0
2021-03-31,1686.2375749780115,382.1492658410836,10,22.66283657248397,0
2021-04-30,1629.2980239046192,370.3687623326799,10,22.731799640012433,0
2021-05-31,1674.5134069157114,392.19646659997477,10,23.421518453074793,0
2021-06-30,1595.2049533337574,384.1333574640002,10,24.080501797666482,0
2021-07-31,1678.3455792967807,380.22576061732997,10,22.654795609891192,0
2021-08-31,1693.75350874692,400.8066090773576,10,23.663809816924548,0
2021-09-30,1608.6280190493544,379.79337713253005,10,23.609770104400848,0
2021-10-31,2334.2272187108597,624.4787787451633,10,26.753127276531742,0
2021-11-30,4609.283288644813,1344.050780895597,10,29.15964796971211,0
2021-12-31,4713.931666410067,1333.828055480225,10,28.29544740719614,0
2022-01-31,4869.015737734727,1553.154295938259,10,31.898732302328774,1
2022-02-28,4225.181405824603,1025.7966954491676,10,24.278169312092984,0
2022-03-31,4191.965989743617,443.9994646882016,10,10.591676215277616,0
2022-04-30,4093.491425750104,904.1847233059027,10,22.08835024346526,0
2022-05-31,3137.0151496556286,77.18630488757613,10,2.4605015023931074,0
2022-06-30,4073.988310297903,680.2492143597548,10,16.697377668960783,0
2022-07-31,3626.349744377714,67.736311980673,10,1.8678924195243782,0
2022-08-31,3662.3460281459284,278.8014540051285,10,7.61264642561021,0
2022-09-30,1620.405547642667,389.8952458903405,10,24.061584240905134,0
2022-10-31,1661.66111217087,385.2374486869319,10,23.18387581350087,0
2022-11-30,1629.6839646899086,377.0926507954033,10,23.139004798832598,0
2022-12-31,1670.3339537698914,394.0812971217496,10,23.592964522592652,0
2023-01-31,1678.9446607260568,387.15311743426435,10,23.059313775526146,0
2023-02-28,1524.535106285693,349.09026312871777,10,22.89814525683342,0
2023-03-31,1684.0862661122665,393.97991488172494,10,23.394283464542013,0
2023-04-30,2.425109101344842,0.3914750065392322,10,16.142572980413135,0
2021-01-31,418.51767816346677,45.50079479736367,11,10.871893153242558,0
2021-02-28,382.5682692556601,40.0305089060819,11,10.463624958747058,0
2021-03-31,410.86232041147156,45.61320525930562,11,11.101822433759509,0
2021-04-30,406.5302304194402,43.566415448649,11,10.71664840366215,0
2021-05-31,409.9571391528771,45.99177471539807,11,11.218678813700883,0
2021-06-30,411.52312154590993,42.56821240028794,11,10.344063351866607,0
2021-07-31,423.6205662107336,45.70831725598187,11,10.789919305580616,0
2021-08-31,420.1711150662519,46.119506527616124,11,10.976362932598086,0
2021-09-30,404.92972374888905,44.34513486320377,11,10.951316305617446,0
2021-10-31,522.3473471119196,43.34188469970604,11,8.297521742829774,0
2021-11-30,778.5369971769088,30.46448186529767,11,3.9130422800414655,0
2021-12-31,1024.5527035587775,32.5620606791556,11,3.178173320518455,0
2022-01-31,657.0035027675165,31.997614152828326,11,4.870234940612002,0
2022-02-28,746.2898649027293,28.2276838640272,11,3.782402145807832,0
2022-03-31,716.4180981167373,38.32277712405584,11,5.3492195723133875,0
2022-04-30,899.3086498534099,37.46706215810609,11,4.166207248669669,0
2022-05-31,757.5507203343429,44.22344580040149,11,5.837687776322567,0
2022-06-30,405.67934043900686,42.62440396500726,11,10.506920051408377,0
2022-07-31,409.8608247294548,47.17531865093356,11,11.510082399817922,0
2022-08-31,87.37813441875726,10.230284899763788,11,11.708060566657826,0
2021-01-31,1481.2237289555205,1758.0716659332793,12,118.69048757225738,1
2021-02-28,1139.034446784098,1364.5461348797764,12,119.79849588679066,1
2021-03-31,1093.5902820439794,1231.8795341948771,12,112.64543535376225,1
2021-04-30,543.9862230740155,154.32163220147302,12,28.368665538883658,0
2021-05-31,572.0424624793828,164.7755797108355,12,28.804781203943268,0
2021-06-30,471.1896446693859,131.5478953117539,12,27.918248374082065,0
2021-07-31,94.17598701940393,30.57961133838325,12,32.47070968534968,1
2021-08-31,40.40885617197226,11.935318408570023,12,29.536392611004924,0
2021-09-30,1380.6394382848036,1404.4694883466711,12,101.72601545349681,1
2021-10-31,1360.5345164499417,1530.6197667342444,12,112.50135503567435,1
2021-11-30,1313.6492961861913,1464.9521329658198,12,111.51774961695587,1
2021-12-31,557.6232904539197,162.50919028671217,12,29.14318556429476,0
2022-01-31,555.4540315231163,164.04154375051982,12,29.532874808865785,0
2022-02-28,502.66035982104523,149.01324691982578,12,29.64491709130928,0
2022-03-31,556.7264132566926,160.70610918954887,12,28.86626273926244,0
2022-04-30,369.9358372763951,110.55149793981307,12,29.883965488105783,0
2021-01-31,871.149905926877,104.7294296877431,13,12.021975664029279,0
2021-02-28,789.8910287664218,98.81752514670485,13,12.510273132362176,0
2021-03-31,852.6747944268617,105.45181079089811,13,12.367178141084743,0
2021-04-30,606.2154465913821,127.51140435052397,13,21.03400780489724,0
2021-05-31,402.2708775810816,174.41245018140003,13,43.35696663655338,1
2021-06-30,356.96824425419345,171.38900050889785,13,48.01239417443908,1
2021-07-31,479.9432276925767,194.22785028222472,13,40.468921963127606,1
2021-08-31,438.68790721540216,159.58502367380612,13,36.377803228445856,1
2021-09-30,413.7885664093419,153.36680121658023,13,37.064050016515324,1
2021-10-31,655.2350163381847,205.2465287712225,13,31.324108701982002,1
2021-11-30,736.4866268131801,119.36875886183047,13,16.207865087563903,0
2021-12-31,866.0149748052751,105.88764689657275,13,12.226999529700022,0
2022-01-31,862.3177464955367,106.92735667840785,13,12.399994910572248,0
2022-02-28,775.7489983345213,90.32951853294992,13,11.644168246028169,0
2022-03-31,853.3412814585049,110.59959986595165,13,12.960769889969248,0
2022-04-30,840.7331366857892,102.83886872968885,13,12.23204656058695,0
2022-05-31,869.7339381777682,103.79175080983096,13,11.933735853437119,0
2022-06-30,834.0225192233817,106.05622923451399,13,12.716230891855362,0
2022-07-31,859.492184695143,111.14263218430106,13,12.931197533078526,0
2022-08-31,176.84238158805934,20.49896837449012,13,11.591660432531881,0
2021-01-31,181.75797660402,42.36031050280652,14,23.30588802443217,0
2021-02-28,163.9769619706022,36.50453046548336,14,22.26198731016123,0
2021-03-31,182.7132994924271,42.810510155524376,14,23.43042913375813,0
2021-04-30,177.04101127698058,42.65753255192528,14,24.094718079297227,0
2021-05-31,184.94456450550132,42.7227754567419,14,23.100314178452688,0
2021-06-30,175.5786617727968,41.07058533185108,14,23.39155847138045,0
2021-07-31,139.77730399868935,63.275890922126315,14,45.26907381381432,1
2021-08-31,23.064,109.62614061146758,14,475.31278447566586,1
2021-09-30,43.16376510837619,105.78872825161099,14,245.08688708224403,1
2021-10-31,23.04178489034334,106.72469805801873,14,463.1789532187949,1
2021-11-30,22.315553245665193,100.93234150977179,14,452.2959408563081,1
2021-12-31,23.064,104.09040182275501,14,451.31114213820246,1
2022-01-31,23.355868608838886,121.44772561202662,14,519.9880494535128,1
2022-02-28,86.51429591803048,71.08999821964623,14,82.17138851479729,1
2022-03-31,183.05666172171968,43.58117065712499,14,23.807475918782192,0
2022-04-30,185.72334692373312,40.76339489609258,14,21.94844943906378,0
2022-05-31,181.83735963724664,41.43735164104837,14,22.78813975506085,0
2022-06-30,179.1560274628562,41.60147513190163,14,23.220806869323287,0
2022-07-31,182.16613729585853,42.25725457768567,14,23.197096455448843,0
2022-08-31,37.05636688040692,8.696175891473048,14,23.467427121332396,0
2021-01-31,438.58898106813297,145.48678486262224,15,33.171554950675215,1
2021-02-28,174.0480546645956,358.8318926424344,15,206.1682868756746,1
2021-03-31,162.52955636413353,467.92099505591096,15,287.89901696868856,1
2021-04-30,157.1323319997176,439.52530638267484,15,279.7166571571437,1
2021-05-31,99.15166468224955,471.19277394254215,15,475.22426925717224,1
2021-06-30,54.01515635261276,435.3979204194935,15,806.0662040431785,1
2021-07-31,101.22543580606239,471.2674612542202,15,465.56229420154887,1
2021-08-31,56.01765904285967,481.29326480697773,15,859.1813243012091,1
2021-09-30,404.0496634046537,163.25658242195328,15,40.40507818922563,1
2021-10-31,442.81223044986626,143.42479478777207,15,32.38952877206271,1
2021-11-30,419.3787225316289,147.2978560889461,15,35.122872996456586,1
2021-12-31,430.4196598024259,146.64142413334875,15,34.06940663459961,1
2022-01-31,432.8132160483713,145.59046721333604,15,33.638175040631104,1
2022-02-28,391.6462262176356,135.97959124398622,15,34.720005489960506,1
2022-03-31,445.30588659954736,150.10239336690842,15,33.70770472250501,1
2022-04-30,427.89316965232024,139.78223158636618,15,32.66755384292407,1
2022-05-31,431.54212537579804,146.55116855637735,15,33.95987551128567,1
2022-06-30,415.3039107938379,144.528515594328,15,34.8006632824784,1
2022-07-31,437.9046096620676,148.5942008905118,15,33.933006780901984,1
2022-08-31,91.13997662833452,28.98130899825763,15,31.79867942740686,1
2021-01-31,1221.5615242598378,788.4692956727956,16,64.54601589965276,1
2021-02-28,2441.125733029295,1213.1349866869587,16,49.695719080455916,1
2021-03-31,1946.9807569883806,1103.6848925046495,16,56.686995418067,1
2021-04-30,1183.5912464265261,343.3375321934937,16,29.008116884109374,0
2021-05-31,1969.407415332731,1180.594668728446,16,59.94669561701558,1
2021-06-30,1963.1878819630804,1133.0675638283574,16,57.71569671137904,1
2021-07-31,2020.3697203236381,1178.5430261042875,16,58.333037475710114,1
2021-08-31,2475.2050858284865,1430.2375556004572,16,57.78258794752501,1
2021-09-30,1777.0054418790737,958.7720764533415,16,53.954369179618226,1
2021-10-31,2210.1560278307807,1239.6393731879148,16,56.088319447952884,1
2021-11-30,922.8518221683061,634.0536952338485,16,68.70590489208703,1
2021-12-31,354.18285674635524,358.7366851764436,16,101.28572807614727,1
2022-01-31,351.88273672476026,357.76918401763277,16,101.67284344428549,1
2022-02-28,318.043760347712,326.27800375359925,16,102.58902843963513,1
2022-03-31,352.3483997011479,358.3255759715507,16,101.69638240885229,1
2022-04-30,340.571672178919,345.8989801788202,16,101.56422522337749,1
2022-05-31,352.25173343908097,356.0411275451396,16,101.07576308257231,1
2022-06-30,344.4296594823962,344.8026946711301,16,100.10830518756559,1
2022-07-31,353.03538407728894,357.860784570819,16,101.36683196958911,1
2022-08-31,353.1766398802563,354.47752016108745,16,100.36833701155099,1
2022-09-30,339.3298477813834,344.16490993706987,16,101.42488560534805,1
2022-10-31,354.80681504511347,357.3738405850939,16,100.72349950201887,1
2022-11-30,341.8252845105104,341.36708389133446,16,99.86595473186483,1
2022-12-31,354.25961956238297,354.80999268226645,16,100.15535869444092,1
2023-01-31,350.38959827675484,358.75815899704287,16,102.38835877590127,1
2023-02-28,319.7128630852006,323.96705784217556,16,101.33062983951362,1
2023-03-31,267.75819425660274,270.3406940625247,16,100.96448955113846,1
2021-01-31,384.1052951617727,385.77740268863084,17,100.43532529957805,1
2021-02-28,342.8085745685825,352.2280647089383,17,102.7477405290139,1
2021-03-31,1614.257326632862,1282.5546774176482,17,79.45168693103571,1
2021-04-30,2317.544270126396,1791.482126489764,17,77.30088048726071,1
2021-05-31,1852.4468254750432,1457.8621348036913,17,78.69927032479521,1
2021-06-30,1888.5951841690808,1475.313306486935,17,78.11696857291437,1
2021-07-31,1907.2591005392412,1489.5277700498636,17,78.09781951643214,1
2021-08-31,1982.0304616914805,1553.5694736414082,17,78.38272436618253,1
2021-09-30,1798.711832684789,1423.251455933829,17,79.12615184220247,1
2021-10-31,1706.6480813226,1172.2242251584419,17,68.68576117051641,1
2021-11-30,1234.9545638055117,862.5302741359593,17,69.84307758482002,1
2021-12-31,2316.198665426996,1634.3897082889398,17,70.56345091139394,1
2022-01-31,441.01240692834904,406.01186161515193,17,92.06359168963616,1
2022-02-28,349.50684946796633,349.8616606282614,17,100.10151765575846,1
2022-03-31,384.9999838412197,387.065250718806,17,100.53643297773176,1
2022-04-30,367.9441751131908,372.7019275899508,17,101.29306367611237,1
2022-05-31,381.1870461928547,385.16773133930013,17,101.04428657432169,1
2022-06-30,376.62853617135005,370.55059132950294,17,98.38622296025868,1
2022-07-31,386.97191320149267,388.1319338306909,17,100.29976868853379,1
2022-08-31,381.72237110870026,386.2570148374136,17,101.18794287993722,1
2022-09-30,375.93895720945994,375.11388055312335,17,99.7805290884294,1
2022-10-31,387.766215295521,388.5778406805275,17,100.2093079162113,1
2022-11-30,372.19998555430544,379.56577301043353,17,101.97898649704634,1
2022-12-31,379.7760072072326,388.89368389548633,17,102.40080376727919,1
2023-01-31,382.34797265640094,385.1228404542572,17,100.72574408557146,1
2023-02-28,352.13601775698794,351.661026188896,17,99.86511133648938,1
2023-03-31,291.46172879344124,296.45628431104365,17,101.71362310183167,1
2021-01-31,418.07753698764935,418.42440916943616,18,100.08296838531103,1
2021-02-28,381.47069439153466,378.4409161879111,18,99.20576383765044,1
2021-03-31,576.7340653120735,532.5198125938705,18,92.33368455628185,1
2021-04-30,2447.275780660412,1590.6613505298103,18,64.99722520445003,1
2021-05-31,3046.562183213674,1843.0393089777103,18,60.495706246625026,1
2021-06-30,2080.63728016013,1455.0077057576732,18,69.93086779862432,1
2021-07-31,2121.2566133029654,1471.6590879673688,18,69.37675898041768,1
2021-08-31,1840.6364301157696,1293.818674818412,18,70.29191934102029,1
2021-09-30,2053.764837762279,1465.4759853999408,18,71.3555884517275,1
2021-10-31,2097.6121035002166,1504.8995221265748,18,71.74346103435417,1
2021-11-30,2054.840909105596,1417.8865381803214,18,69.00225374612968,1
2021-12-31,2050.5758679377163,1462.9579668017511,18,71.34376199760226,1
2022-01-31,1247.4450150665966,864.3917730737215,18,69.29297585333448,1
2022-02-28,289.59975506650886,322.53886451554376,18,111.37401150131159,1
2022-03-31,418.4875398357699,423.7116358099512,18,101.24832772230958,1
2022-04-30,404.9263943924239,406.1439577232383,18,100.30068756882132,1
2022-05-31,414.49090205306203,420.996200034543,18,101.56946701345164,1
2022-06-30,406.1768500507821,421.76298549546686,18,103.83727813210825,1
2022-07-31,424.1351584780375,426.57027370166264,18,100.57413661068875,1
2022-08-31,420.55468938718707,425.6102021268041,18,101.20210590137128,1
2022-09-30,407.2868367534377,407.1677838119881,18,99.97076926364757,1
2022-10-31,428.2524758769242,422.31272311460623,18,98.61302547051123,1
2022-11-30,402.2629435901708,403.7353308346959,18,100.36602607025746,1
2022-12-31,409.6008279711804,428.5545992444574,18,104.62737621092175,1
2023-01-31,415.33011522417877,420.02025207713984,18,101.12925518305589,1
2023-02-28,376.0377189723002,380.61496831923466,18,101.21723144142135,1
2023-03-31,317.8752798753833,323.1733984529804,18,101.66672871815454,1
2021-01-31,338.04924262257464,341.1513099438836,19,100.91763770782127,1
2021-02-28,304.92938190553326,308.0780322266213,19,101.0325834465055,1
2021-03-31,338.40076013602317,340.90959015798023,19,100.741378364797,1
2021-04-30,326.36493305873364,330.31922432685565,19,101.21161646597932,1
2021-05-31,337.9778151187665,341.5084258590114,19,101.04462795553732,1
2021-06-30,326.87358138705906,330.96800663554836,19,101.25260207053594,1
2021-07-31,337.3399589019388,340.9062519009376,19,101.05718071781573,1
2021-08-31,338.09145869964755,341.41202862213214,19,100.98215137858142,1
2021-09-30,326.61872724438825,329.8901844644581,19,101.00161348605772,1
2021-10-31,338.2946662254629,340.85669576831435,19,100.75733666493693,1
2021-11-30,625.4737653256246,541.7260105799726,19,86.61050880334645,1
2021-12-31,1868.2433198936667,1424.9154698085615,19,76.27033666522958,1
2022-01-31,1584.1296652832605,1149.0324795574056,19,72.53399167623981,1
2022-02-28,1220.3224212964992,845.9319007238325,19,69.3203604195926,1
2022-03-31,2282.4775257141478,1601.0230727848725,19,70.14408925161005,1
2022-04-30,1883.89467637208,1184.947239200163,19,62.89880501611063,1
2022-05-31,755.6761545890301,303.38121390601185,19,40.14698784176985,1
2022-06-30,988.6644806161024,568.5391930090034,19,57.50577715249858,1
2022-07-31,1880.8770008557792,1419.2339511882617,19,75.45596817561835,1
2022-08-31,1871.56792342904,1417.321216598894,19,75.72908249047747,1
2022-09-30,1841.5441489159527,1208.639915845583,19,65.63187293430154,1
2022-10-31,337.5609104419059,341.73415292986067,19,101.23629317224305,1
2022-11-30,327.33036738375733,330.5476847061799,19,100.98289607167752,1
2022-12-31,337.8190869287581,341.8068972489426,19,101.1804573733353,1
2023-01-31,338.0074969506813,340.4054957309865,19,100.70945135890139,1
2023-02-28,304.4939594230273,308.1482820448213,19,101.20012975913164,1
2023-03-31,256.2772540404349,259.8746939033464,19,101.40372967409112,1
2021-01-31,338.04924262257464,1546.8106317210345,20,457.56961906523725,1
2021-02-28,304.92938190553326,1410.5876339341157,20,462.5948556086058,1
2021-03-31,338.40076013602317,1494.9171336929653,20,441.7593899883884,1
2021-04-30,326.36493305873364,1486.5582287775783,20,455.4895695580299,1
2021-05-31,337.9778151187665,1551.9025269328724,20,459.17289760203016,1
2021-06-30,326.87358138705906,1534.5713793242708,20,469.46938104096796,1
2021-07-31,337.3399589019388,1518.9443729238444,20,450.27110866678726,1
2021-08-31,338.09145869964755,1494.1176798746787,20,441.92707074626736,1
2021-09-30,326.61872724438825,1507.4001845440216,20,461.5167652086676,1
2021-10-31,338.2946662254629,1537.1416961100792,20,454.3795245904415,1
2021-11-30,326.67937642075134,1490.1906200565977,20,456.1630539349645,1
2021-12-31,573.8151278281617,1673.1252181890113,20,291.5791405712217,1
2022-01-31,2143.3349883096175,2460.657253299405,20,114.80507091614503,1
2022-02-28,1779.815107738233,2169.9098479694526,20,121.9177114822307,1
2022-03-31,1757.310553090277,2364.6737899376526,20,134.5620889705187,1
2022-04-30,545.4930512402314,1411.716100891879,20,258.79634904279817,1
2022-05-31,275.4316775990975,1005.9796170627077,20,365.23744321339603,1
2022-06-30,1558.784233106587,2231.3029202477283,20,143.14379584150925,1
2022-07-31,1776.1081052993836,2339.874055163566,20,131.74164614091174,1
2022-08-31,1964.094581368669,2535.002652755959,20,129.06723926652532,1
2022-09-30,2260.314398106076,2761.1630491476953,20,122.15836219338698,1
2022-10-31,1347.5398626417489,2151.3031601019397,20,159.64671767738835,1
2022-11-30,327.33036738375733,1510.1387971218503,20,461.3500449689062,1
2022-12-31,337.8190869287581,1609.3442066623927,20,476.3923262280866,1
2023-01-31,338.0074969506813,1509.0071108845661,20,446.441905726353,1
2023-02-28,304.4939594230273,1411.744083029725,20,463.63615413086654,1
2023-03-31,256.2772540404349,1158.4653043842573,20,452.03594393183135,1
2021-01-31,32.98346316960909,52.48338579727443,21,159.12030076220904,1
2021-02-28,34.31672616745276,46.90284211098833,21,136.67633060951107,1
2021-03-31,30.127656850644463,48.33646504470034,21,160.43884622134618,1
2021-04-30,26.97371170623055,47.21444956044299,21,175.03875652951803,1
2021-05-31,29.650223269697516,48.03037216643409,21,161.98991734244734,1
2021-06-30,23.52871474577099,37.40413152680468,21,158.97226827286704,1
2021-07-31,25.702220524519674,45.685868386509085,21,177.7506668846966,1
2021-08-31,23.75542790456335,33.95646780953126,21,142.94193287508966,1
2021-09-30,2.8489017538967794,4.675878438767993,21,164.1291572225066,1
2021-10-31,1.040864205773982,1.7279316437943426,21,166.00932515586507,1
2021-11-30,29.75868063722965,49.08196402166787,21,164.933266430716,1
2021-12-31,30.892190393083737,48.13862881226099,21,155.8278263850091,1
2022-01-31,8.983369665290619,13.178046805746908,21,146.69380529517136,1
2021-01-31,103.09341108842082,126.35287495388148,22,122.56154260480483,1
2021-02-28,16.123643736305326,20.04839654797264,22,124.3415996771872,1
2021-03-31,103.8744798547852,123.76649663543905,22,119.15005187844268,1
2021-04-30,99.69875734186205,120.32754022954923,22,120.69111334753362,1
2021-05-31,107.97989135977474,126.33623320938968,22,116.99977803131327,1
2021-06-30,61.61500693534246,78.7342238878167,22,127.7841678577409,1
2021-07-31,58.0004277991946,65.11207459311004,22,112.26136955150905,1
2021-08-31,100.64079305882072,119.87001895516447,22,119.10679090645182,1
2021-09-30,94.88696527424032,116.97080364311455,22,123.27383777639844,1
2021-10-31,102.26946044426076,118.69923714732204,22,116.06518371338812,1
2021-11-30,92.9346905829126,114.9034445592523,22,123.63891657522663,1
2021-12-31,99.91406882560585,119.39987428425155,22,119.50256424113508,1
2022-01-31,21.836825243936897,28.398092970689305,22,130.04680237835478,1
2021-01-31,174.35608568134424,199.8336389077419,23,114.61236820431999,1
2021-02-28,153.45636952224913,180.08050988474093,23,117.34964827160962,1
2021-03-31,175.91833858303133,205.18770961358152,23,116.63804425752657,1
2021-04-30,165.84788427037392,189.71974866826736,23,114.39383113201266,1
2021-05-31,171.7547515441949,190.8291332777016,23,111.10559187563356,1
2021-06-30,174.00439038229567,192.3777138982294,23,110.55911490254164,1
2021-07-31,115.36995160235084,121.84135834196776,23,105.6092653674001,1
2021-08-31,97.5811295070612,113.33476865440468,23,116.14414510974021,1
2021-09-30,27.54197502677739,28.37653898289976,23,103.03015290410717,1
2021-10-31,184.53177620758285,195.91977827630362,23,106.171295970137,1
2021-11-30,180.90012277472255,191.93778656369477,23,106.10152365828827,1
2021-12-31,181.16963752610147,209.59833928452358,23,115.69175836890788,1
2022-01-31,42.99501007925651,41.03132615176665,23,95.43276318840249,1
2021-01-31,57.41832407001875,71.19462316727999,24,123.99286172209021,1
2021-02-28,59.45900212530456,76.6573765833106,24,128.9247613368317,1
2021-03-31,55.972038499353076,72.2384645116795,24,129.06170017823172,1
2021-04-30,63.787921630484384,82.6841899879641,24,129.62358370436255,1
2021-05-31,19.150208769248554,18.882939846335407,24,98.60435504315583,1
2021-06-30,30.400537461109433,39.80527380617806,24,130.93608577512762,1
2021-07-31,61.39379182852588,85.60903194976552,24,139.44248986749884,1
2021-08-31,61.75263148266421,84.15360468221114,24,136.27533379826176,1
2021-09-30,2.0332430506964174,2.3373330021683083,24,114.95590757670291,1
2021-10-31,41.036792273415614,54.679050318934046,24,133.24396788770486,1
2021-11-30,60.524113366353276,78.50116360145789,24,129.7022942348437,1
2021-12-31,60.456563680643306,74.09970096487152,24,122.56684213197582,1
2022-01-31,11.516432896421298,15.084056135957244,24,130.97854406501665,1
2021-01-31,86.37179439946823,103.42695153462525,25,119.74621142670392,1
2021-02-28,78.72762484801086,97.98215600980178,25,124.45714728338766,1
2021-03-31,84.41040652576486,106.10329484917516,25,125.69930559070215,1
2021-04-30,24.423600855644672,30.158858201026355,25,123.48243970772302,1
2021-05-31,70.95972931632295,87.38782708005634,25,123.15129711177522,1
2021-06-30,83.67089709237175,99.59970688090107,25,119.03745548579943,1
2021-07-31,49.707631564597996,59.09141973447555,25,118.87796274840166,1
2021-08-31,47.623998014524695,61.81537315314524,25,129.79878995940734,1
2021-09-30,93.36819723542168,107.28606275218038,25,114.90643059291992,1
2021-10-31,84.79892487956462,100.16678404069826,25,118.12270519108561,1
2021-11-30,81.3248198213533,96.34430475539199,25,118.46851301611498,1
2021-12-31,95.10825488408122,111.4280131851814,25,117.15913967824439,1
2022-01-31,20.482934954203316,21.323932343253993,25,104.10584416213311,1
2021-01-31,560.9534756900923,43.82991747342304,26,7.813467492915148,0
2021-02-28,508.8575818388013,40.21637473666255,26,7.903267273986008,0
2021-03-31,837.8612184345322,468.2852915026683,26,55.89055576263775,1
2021-04-30,1575.480167872081,1690.1994035566418,26,107.28154108340861,1
2021-05-31,1423.1466082112217,1577.4185051458842,26,110.84019707067073,1
2021-06-30,981.1013243970095,817.1542804587502,26,83.28948908115866,1
2021-07-31,556.3904998341815,44.647464251109795,26,8.024483571235647,0
2021-08-31,492.2706517985352,39.29701801377116,26,7.982807398774954,0
2021-09-30,0.0,0.0,26,,0
2021-10-31,946.4986200537793,1118.4386702654929,26,118.1659060635444,1
2021-11-30,1264.0002888259523,1483.7418377023423,26,117.38461223616441,1
2021-12-31,559.3895653257357,44.47768229832333,26,7.951110470289828,0
2022-01-31,557.7506756620545,44.21514186488238,26,7.927402653954414,0
2022-02-28,505.02082234435,39.82768316583017,26,7.8863447611816575,0
2022-03-31,556.6836486369612,43.954762741614665,26,7.895824288936422,0
2022-04-30,371.45444537295106,29.13270298153547,26,7.842873694050259,0
2021-01-31,1066.9574780589141,827.4251949923694,27,77.54996914194564,1
2021-02-28,1142.9602622374994,854.8408145101453,27,74.79182284401374,1
2021-03-31,1948.119096823487,1235.679518006952,27,63.42936219976458,1
2021-04-30,1299.2040459805494,81.51744344223349,27,6.274414222648896,0
2021-05-31,1336.2433356919469,83.92872211201208,27,6.280945982682957,0
2021-06-30,1297.4491012325045,81.72644683575656,27,6.299009861590793,0
2021-07-31,1342.7098391819761,80.0333835578785,27,5.9605866600811925,0
2021-08-31,1326.3811173483164,84.83813029170838,27,6.396210650323162,0
2021-09-30,43.998475830269534,2.8477511525246944,27,6.472385915162845,0
2021-10-31,1340.9320955459136,82.49063885214659,27,6.151738714148937,0
2021-11-30,1299.710408253356,79.41402104826501,27,6.110131960471661,0
2021-12-31,1335.0323283120892,82.02343931374311,27,6.143929070050847,0
2022-01-31,1340.8169714838132,82.59136491070083,27,6.159779199341519,0
2022-02-28,1470.2236823516264,520.1036046593393,27,35.37581463981265,1
2022-03-31,2329.6211890511063,1725.309964145361,27,74.05967855435365,1
2022-04-30,1434.2660482024346,1054.2096725836923,27,73.50168219521986,1
2021-01-31,998.5675203013107,126.1942265327322,28,12.637525652211679,0
2021-02-28,901.7881038346987,114.18200851781992,28,12.661733730161284,0
2021-03-31,1003.0368995763306,121.27535633357482,28,12.090817036222687,0
2021-04-30,976.3090691544741,116.50371451455666,28,11.933077157160275,0
2021-05-31,1004.7968857531722,125.32781620895929,28,12.472950303286071,0
2021-06-30,1552.0170922978493,925.1489601671507,28,59.60945692920271,1
2021-07-31,134.13954582968873,114.5436880360148,28,85.39143868985963,1
2021-08-31,1897.6323336022767,1545.6274117140274,28,81.45030964875909,1
2021-09-30,615.7946056170365,367.67980482541634,28,59.708188651148554,1
2021-10-31,632.4079828423944,77.15065597923567,28,12.199506975303754,0
2021-11-30,964.8521118524906,118.91131230482956,28,12.32430450678322,0
2021-12-31,1002.3598436147274,125.87637932489793,28,12.558003009274628,0
2022-01-31,1013.0237984555348,118.1607738919019,28,11.664165646656167,0
2022-02-28,909.0061294221566,110.66541848601157,28,12.174331382821384,0
2022-03-31,1006.1750326866666,123.20517631018244,28,12.244904942751628,0
2022-04-30,667.0799320943667,79.6025003774441,28,11.93297782583922,0
2021-01-31,222.43081862481807,60.27314833381143,29,27.097480783666168,0
2021-02-28,201.4386848482607,54.37671267663944,29,26.99417577989065,0
2021-03-31,261.16107212296953,401.50620643543544,29,153.7389179679824,1
2021-04-30,393.88712165426824,1352.886186578965,29,343.4705305664834,1
2021-05-31,325.2277564089338,1237.0760271274191,29,380.3722169309401,1
2021-06-30,240.09104098119886,645.3906450428642,29,268.8107987725388,1
2021-07-31,55.82474755409479,13.917992650011588,29,24.9315818876295,0
2021-08-31,165.2960291872712,43.31962303837463,29,26.207298052693034,0
2021-09-30,63.17586479223349,17.459043643151407,29,27.635622718531792,0
2021-10-31,222.99621308343964,58.58282885187367,29,26.27077296149125,0
2021-11-30,211.22087342266946,56.477395737966454,29,26.738548526381088,0
2021-12-31,224.28235803085775,58.51355375562464,29,26.089236027906438,0
2022-01-31,224.0828427121419,59.12890043049968,29,26.387071725280187,0
2022-02-28,201.47091027591597,51.18138209044876,29,25.40385707314046,0
2022-03-31,221.90692073145703,59.33145923172441,29,26.737092757699514,0
2022-04-30,146.0065434464989,39.326566304491934,29,26.934797150993678,0
2021-01-31,1481.2237289555205,1758.0716659332793,30,118.69048757225738,1
2021-02-28,1139.034446784098,1364.5461348797764,30,119.79849588679066,1
2021-03-31,1093.5902820439794,1231.8795341948771,30,112.64543535376225,1
2021-04-30,543.9862230740155,154.32163220147302,30,28.368665538883658,0
2021-05-31,572.0424624793828,164.7755797108355,30,28.804781203943268,0
2021-06-30,471.1896446693859,131.5478953117539,30,27.918248374082065,0
2021-07-31,94.17598701940393,30.57961133838325,30,32.47070968534968,1
2021-08-31,40.40885617197226,11.935318408570023,30,29.536392611004924,0
2021-09-30,1380.6394382848036,1404.4694883466711,30,101.72601545349681,1
2021-10-31,1360.5345164499417,1530.6197667342444,30,112.50135503567435,1
2021-11-30,1313.6492961861913,1464.9521329658198,30,111.51774961695587,1
2021-12-31,557.6232904539197,162.50919028671217,30,29.14318556429476,0
2022-01-31,555.4540315231163,164.04154375051982,30,29.532874808865785,0
2022-02-28,502.66035982104523,149.01324691982578,30,29.64491709130928,0
2022-03-31,556.7264132566926,160.70610918954887,30,28.86626273926244,0
2022-04-30,369.9358372763951,110.55149793981307,30,29.883965488105783,0
